fold_start,mape_naive,rmse_naive,mape_tft,rmse_tft
4197,0.11940695345401764,59.10634994506836,,
4221,0.11940695345401764,59.10634994506836,,
4245,0.11940695345401764,59.10634994506836,,
