fold_start,mape_naive,rmse_naive,mape_tft,rmse_tft
4197,0.06501883268356323,70.10027313232422,0.021652674302458763,21.477697372436523
4221,0.06501883268356323,70.10027313232422,0.01723550260066986,16.78548240661621
4245,0.06501883268356323,70.10027313232422,0.01475294679403305,13.967561721801758
