fold_start,mape_naive,rmse_naive,mape_tft,rmse_tft
2877,0.20074686408042908,109.3821792602539,0.02418469451367855,6.813819885253906
2901,0.20074686408042908,109.3821792602539,0.025509851053357124,5.346866607666016
2925,0.20074686408042908,109.3821792602539,0.02712848037481308,5.015570640563965
